first_name,address,city,phone,email,web,salary,birthdate,age
Aleshia,14 Taylor St,Wombourne,01835-703597,atomkiewicz@hotmail.com,http://www.alandrosenburgcpapc.co.uk,46391,09:18.1,21
Evan,5 Binney St,Central Ward,01937-864715,evan.zigomalas@gmail.com,http://www.capgeminiamerica.co.uk,30798,09:51.3,17
France,8 Moor Place,Wombourne,01347-368222,france.andrade@hotmail.com,http://www.elliottjohnwesq.co.uk,32384,56:29.1,19
Ulysses,505 Exeter Rd,Everton Ward,01912-771311,ulysses@hotmail.com,http://www.mcmahanbenl.co.uk,39298,59:48.6,21
Tyisha,5396 Forth Street,Castle Ward,01547-429341,tyisha.veness@hotmail.com,http://www.champagneroom.co.uk,41630,19:37.7,23
Eric,9472 Lind St,Everton Ward,01969-886290,erampy@rampy.co.uk,http://www.thompsonmichaelcesq.co.uk,46449,39:26.5,19
Marg,7457 Cowl St #70,Everton Ward,01865-582516,marg@hotmail.com,http://www.wranglehillautoauctslvg.co.uk,43753,17:31.1,23
Laquita,20 Gloucester Pl #96,Franche Ward,01746-394243,laquita@yahoo.com,http://www.incommunicationsinc.co.uk,44678,02:42.2,14
Lura,929 Augustine St,Westbury,01907-538509,lura@hotmail.com,http://www.bizerbausainc.co.uk,48138,28:59.1,12
Yuette,45 Bradfield St #166,Shard End Ward,01903-649460,yuette.klapec@klapec.co.uk,http://www.maxvideo.co.uk,34347,10:10.8,24
Fernanda,620 Northampton St,Central Buchan Ward,01630-202053,fernanda@writer.co.uk,http://www.krassociatesinc.co.uk,47750,14:06.3,16
Charlesetta,5 Hygeia St,Central Ward,01276-816806,charlesetta_erm@gmail.com,http://www.cainjohnmesq.co.uk,41117,33:02.9,21
Corrinne,2150 Morley St,Central Ward,01625-932209,corrinne_jaret@gmail.com,http://www.soundvisioncorp.co.uk,48211,12:19.9,20
Niesha,24 Bolton St,Franche Ward,01874-856950,niesha.bruch@yahoo.com,http://www.rowleyhansellpetetin.co.uk,30545,49:01.0,13
Rueben,4 Forrest St,Central Ward,01976-755279,rueben_gastellum@gastellum.co.uk,http://www.industrialengineeringassocs.co.uk,44360,44:47.7,30
Michell,89 Noon St,City and Hunslet Ward,01967-580851,mthrossell@throssell.co.uk,http://www.weissspirtguyer.co.uk,44509,35:59.7,30
Edgar,99 Guthrie St,Shard End Ward,01326-532337,edgar.kanne@yahoo.com,http://www.crowankennethwesq.co.uk,34946,10:28.9,31
Dewitt,7 Richmond St,Everton Ward,01253-528327,dewitt.julio@hotmail.com,http://www.rittenhousemotorco.co.uk,41353,53:39.1,15
Charisse,9165 Primrose St,Westbury,01719-831436,charisse_spinello@spinello.co.uk,http://www.modernplasticscorp.co.uk,36858,07:02.4,16
Mee,9 Pengwern St,Central Ward,01578-287816,mee.lapinski@yahoo.com,http://www.gallowayelectriccoinc.co.uk,46060,24:36.4,14
Peter,4410 Tarlton St,Central Buchan Ward,01842-767201,peter_gutierres@yahoo.com,http://www.niagaracustombuiltmfgco.co.uk,49998,51:16.6,12
Octavio,6949 Bourne St,City and Hunslet Ward,01552-709248,octavio.salvadore@yahoo.com,http://www.practicalperiphrals.co.uk,43371,39:33.4,16
Martha,148 Rembrandt St,Wombourne,01677-684257,mteplica@teplica.co.uk,http://www.curtinpatriciamesq.co.uk,48575,38:14.3,22
Tamesha,2200 Nelson St #58,Franche Ward,01217-342071,tveigel@veigel.co.uk,http://www.wilhelmjamesejr.co.uk,45275,06:28.4,16
Tess,61 Rossett St,Everton Ward,01473-229124,tess_sitra@hotmail.com,http://www.smartsigns.co.uk,32436,42:39.3,29
Leonard,41 Canning St,City and Hunslet Ward,01230-623547,lkufner@kufner.co.uk,http://www.arcticstardistributinginc.co.uk,42427,18:41.6,19
Svetlana,8289 Cadogan St,Franche Ward,01781-827317,svetlana_tauras@tauras.co.uk,http://www.lensbowergregorylesq.co.uk,43793,08:19.8,29
Pok,211 Hobart St,Central Ward,01866-248660,pok@yahoo.com,http://www.portalmetalproducts.co.uk,38232,01:35.7,13
Augustine,114 Falkland St #8845,Franche Ward,01541-802635,augustine.growcock@growcock.co.uk,http://www.lynemacliffcpa.co.uk,37061,58:19.7,21
Karma,1 Birkett St,Everton Ward,01857-864722,kquarto@gmail.com,http://www.jcsmachinery.co.uk,33314,28:59.5,23
Reed,5147 Blackstone St,Everton Ward,01243-678286,reed_weisinger@yahoo.com,http://www.berickjosephgesq.co.uk,31587,14:21.3,26
German,7 Shenstone St,Wombourne,01400-269033,german@hotmail.com,http://www.jacksonheitmachinecoinc.co.uk,33463,13:55.3,16
Milly,129 Alexander Pope St,Franche Ward,01702-725589,milly@gmail.com,http://www.bridgewayplanforhealth.co.uk,46798,13:25.9,22
Luis,2 Birchfield Rd,Everton Ward,01462-648669,luis@hotmail.com,http://www.wainstforplcystudies.co.uk,37713,28:56.4,20
Ciara,7523 Kempton Rd,Everton Ward,01235-647932,ciara_cobbley@hotmail.com,http://www.wmglfm.co.uk,42470,40:43.6,31
Alethea,6305 Elstow St,Franche Ward,01662-114247,alethea@hotmail.com,http://www.hughletthenrytjr.co.uk,33334,40:43.0,19
Margurite,218 Greenbank Drive,Central Buchan Ward,01407-866759,mloperfido@gmail.com,http://www.penroseplacepharmacyinc.co.uk,39094,18:44.7,19
Vernice,8921 Forge St,Everton Ward,01822-563044,vernice@yahoo.com,http://www.novakalanpaulesq.co.uk,36212,40:29.1,19
Vicente,3060 St Ambrose Grove #261,Everton Ward,01327-770774,vicente_rawicki@hotmail.com,http://www.bstoolandcuttersvcinc.co.uk,47501,33:47.1,13
Craig,8388 Bessemer St #5,Franche Ward,01483-418969,craig@hotmail.com,http://www.berryjohnmesq.co.uk,39920,05:54.7,18
Jenise,87 Pownall Sq,Everton Ward,01709-854691,jenise.dulle@hotmail.com,http://www.aldenmichaelhesq.co.uk,43198,33:11.9,24
Marylin,39 Wye St,Westbury,01609-882184,marylin_cornelison@yahoo.com,http://www.ernesteheuercompanypc.co.uk,31052,55:51.3,23
Marget,2732 Bostock St #1,City and Hunslet Ward,01693-310794,mgunst@yahoo.com,http://www.frankelstephen.co.uk,43419,26:39.9,18
Annett,5562 Fairfield St #847,Westbury,01891-702579,abunselmeyer@hotmail.com,http://www.guynesdesigninc.co.uk,33555,10:30.3,30
Kip,37 Meadow St,Westbury,01850-347846,kip.turziano@yahoo.com,http://www.generalappraisalco.co.uk,44053,32:34.6,18
Melina,3 Nevison St,Central Buchan Ward,01420-307327,melina@gmail.com,http://www.sheratoninnoceanfront.co.uk,44568,19:35.8,18
Tina,5662 William Moult St,Franche Ward,01567-296442,tclapham@gmail.com,http://www.coopermyersyco.co.uk,45972,19:11.2,27
Luisa,3 North View #35,Franche Ward,01607-269930,ldevereux@gmail.com,http://www.cashchecks.co.uk,48842,27:09.8,29
Pedro,135 Opie St,Everton Ward,01386-981141,paschoff@yahoo.com,http://www.charlottechamber.co.uk,38356,28:07.6,25
Carrol,1 Askew St,Central Buchan Ward,01260-641258,carrol_kunimitsu@yahoo.com,http://www.kisckissfm.co.uk,48194,30:05.1,24
Alba,4 Burnall St,Franche Ward,01543-198690,alba@gmail.com,http://www.schwartzbardgaillesq.co.uk,49889,34:57.0,20
Domonique,95 Denton St,Wombourne,01355-500797,domonique@hotmail.com,http://www.marketinghorizonsinc.co.uk,46999,08:37.6,23
Rory,5 Chadwick St #7,City and Hunslet Ward,01252-621329,rory_neufville@neufville.co.uk,http://www.bradybradjesq.co.uk,41118,25:20.1,12
Dustin,67 Micawber St,Westbury,01712-135466,dklingaman@gmail.com,http://www.welderssupply.co.uk,44711,56:43.1,29
Lyndia,43 Williamson St #7995,Franche Ward,01469-300335,lyndia_moonshower@moonshower.co.uk,http://www.bomarkoinc.co.uk,45365,17:09.3,27
Jules,5 Howe St,Westbury,01428-343825,jules@yahoo.com,http://www.benitezbrigidaesq.co.uk,32777,39:22.0,28
Dong,7 Cheapside #9,Shard End Ward,01770-129032,dkopczynski@kopczynski.co.uk,http://www.kennedyscalesinc.co.uk,45433,37:34.4,18
Justine,85 Bridgewater St,Franche Ward,01689-253476,justine_salta@yahoo.com,http://www.barajasbustamantearchl.co.uk,31382,09:45.9,26
Chantay,763 Parkfield Rd,Everton Ward,01823-383806,ckamens@hotmail.com,http://www.brewsterwallcoveringsco.co.uk,39370,47:46.2,22
Tequila,662 Grove Park,Everton Ward,01835-634521,tequila.chisum@chisum.co.uk,http://www.bohswelldrillinginc.co.uk,48893,33:39.6,27
Maybelle,5410 Lawton St,Castle Ward,01383-647035,mconsolazio@yahoo.com,http://www.gavinleewesq.co.uk,34890,21:45.6,28
Margarett,3 August Rd,City and Hunslet Ward,01670-813697,margarett@gmail.com,http://www.reidcarletonbesq.co.uk,40914,37:07.5,29
Janessa,476 Starkie St,Franche Ward,01472-324699,jnoonon@yahoo.com,http://www.canterburychristopherc.co.uk,45362,27:19.9,18
Sol,6448 Tillard St,Westbury,01412-528394,sol@gmail.com,http://www.omnimandalay.co.uk,39875,33:05.1,29
Louann,3055 Creswick St,Everton Ward,01670-234959,louann@gmail.com,http://www.lbasavingsbank.co.uk,36120,32:15.5,28
Lindsay,7 Jolliffe St,Westbury,01947-566661,lindsay_yadao@yadao.co.uk,http://www.lutzchristophertesq.co.uk,48303,44:46.8,24
Malika,1175 Greig St,Central Buchan Ward,01532-497454,malika@gmail.com,http://www.associationofartmuseumdir.co.uk,47668,14:12.8,15
Stefany,636 Portland Place,Central Buchan Ward,01743-977277,stefany@hotmail.com,http://www.llsalescoinc.co.uk,30892,07:34.0,30
Abraham,41 Benedict St,Everton Ward,01599-245408,acratch@gmail.com,http://www.cavutojohna.co.uk,34783,36:42.7,15
Giuseppe,62 Margaret St,Westbury,01345-400452,giuseppe@yahoo.com,http://www.pacificcoastpackaging.co.uk,37815,16:45.2,30
Kiera,5152 Sophia St,Central Buchan Ward,01655-519837,kbassil@bassil.co.uk,http://www.stormeyeinstitute.co.uk,44477,18:30.4,12
Wendell,1 Back Canning St,Everton Ward,01837-530939,wendell_rubano@hotmail.com,http://www.automationengrgmfginc.co.uk,33757,10:34.7,22
Stevie,9 Gradwell St,Westbury,01262-808399,stevie_stifflemire@stifflemire.co.uk,http://www.packagingcorpofamerica.co.uk,36474,11:46.5,12
Yun,9205 Upper Hill St,Central Buchan Ward,01350-332706,yun_paletta@paletta.co.uk,http://www.goedouglaseesq.co.uk,39829,01:58.1,19
Brittani,9 Horatio St,City and Hunslet Ward,01686-306597,bthurm@yahoo.com,http://www.burgesssteelproductscorp.co.uk,43010,25:59.0,17
Billy,61 Miriam St,Franche Ward,01537-356648,billy.venus@yahoo.com,http://www.tiptonhurst.co.uk,44356,20:39.3,31
Brynn,67 Pulford St,Franche Ward,01388-416867,brynn@yahoo.com,http://www.aohardeesoninc.co.uk,44929,30:14.6,26
Elroy,821 Pembroke Place,Franche Ward,01589-654152,epiehler@piehler.co.uk,http://www.jonsongeodesq.co.uk,37601,44:45.0,29
Anisha,3 Alder St,Everton Ward,01780-704167,ashulick@yahoo.com,http://www.daleyoderclulifehlthbus.co.uk,34114,24:24.5,26
Bettina,80 Morecambe St,Westbury,01355-192668,bettina.kham@kham.co.uk,http://www.councilofcmntybloodctrs.co.uk,31938,11:35.3,29
Velda,7866 Renshaw St #283,Westbury,01823-526645,velda_mancilla@mancilla.co.uk,http://www.tremontmichaelaesq.co.uk,42459,26:33.4,25
Marta,658 Lake St,Central Buchan Ward,01777-469402,marta.brace@brace.co.uk,http://www.trautmaneileenesq.co.uk,46123,31:49.8,23
Juan,5382 Redfern St,Wombourne,01961-642757,juan_vanwyhe@gmail.com,http://www.officeserviceco.co.uk,41448,52:43.0,30
Lelia,45 Bidder St #38,Everton Ward,01367-136951,lelia.filion@filion.co.uk,http://www.alphabetlandpreschoolcenter.co.uk,37808,49:52.7,18
Una,6766 Britton St #379,City and Hunslet Ward,01912-749219,ufrankel@hotmail.com,http://www.shamrockfoodservice.co.uk,33341,09:55.4,20
Eva,7 Lear Rd,Wombourne,01779-720349,eva.joulwan@gmail.com,http://www.centralhrdwreleccorp.co.uk,43781,27:17.6,26
Mammie,2577 Toxteth St #5,Central Buchan Ward,01527-579687,mammie_dormanen@hotmail.com,http://www.mattparrottsonsco.co.uk,37790,24:24.1,21
Jeannetta,761 Cockerell St #1,City and Hunslet Ward,01927-790069,jeannetta_coolidge@gmail.com,http://www.tinytotsoriginalsdiv.co.uk,30866,54:17.7,30
Elbert,9 Cypress St,Franche Ward,01753-784273,edrawe@drawe.co.uk,http://www.lovitchalanf.co.uk,34810,45:44.3,20
Lenny,6 Romilly St,Franche Ward,01312-233253,lenny.gazzola@yahoo.com,http://www.wiseindustries.co.uk,35954,30:44.9,13
Mira,51 St Anne St #12,Shard End Ward,01241-273991,mira.alpheaus@yahoo.com,http://www.eastcountyprocess.co.uk,44690,09:15.8,25
Cathern,823 Idris St,City and Hunslet Ward,01898-134749,cathern.ungar@ungar.co.uk,http://www.agopgeeenterprisesinc.co.uk,44456,24:20.4,18
Malcom,8764 Nickleby St #877,Everton Ward,01478-110943,malcom.fleckles@gmail.com,http://www.lwinikassociatesinc.co.uk,48787,57:51.8,29
Monroe,5344 Bengel St #5,Central Ward,01402-733903,mdamato@damato.co.uk,http://www.rosatimarcdesq.co.uk,30390,40:38.2,17
Leota,8880 Great Howard St #7750,Castle Ward,01358-446391,lfletchen@gmail.com,http://www.rustevadercorp.co.uk,31642,37:19.1,26
Berry,9 Oakleigh,City and Hunslet Ward,01448-211489,berry@gmail.com,http://www.budgetannex.co.uk,48148,30:22.2,28
Meghan,83 Denbigh St Bootle,Central Ward,01462-474800,meghan@riherd.co.uk,http://www.kiqopuregoldoldiesfm.co.uk,39875,31:26.5,20
Mike,30 Aughton St,Central Ward,01240-600327,mike_torner@torner.co.uk,http://www.segallmajesticinc.co.uk,39305,44:15.3,31
Elsa,260 Saxon St,City and Hunslet Ward,01537-525550,elsa_delisle@gmail.com,http://www.taosvalleyresortassn.co.uk,49241,39:37.7,15
Linwood,3 Pyramid St,City and Hunslet Ward,01546-942059,linwood.rosenlof@yahoo.com,http://www.exhibitcraftsinc.co.uk,35487,19:24.9,31
Latosha,37 Langham St #948,City and Hunslet Ward,01704-508066,latosha@yahoo.com,http://www.laitinenstephenbesq.co.uk,35796,03:46.2,18
Alexia,94 Villars St,Central Buchan Ward,01560-328739,alexia.meenan@meenan.co.uk,http://www.herrfoodsinc.co.uk,49235,16:41.0,26
Graham,73 Hawkstone St,Central Buchan Ward,01860-191930,gstanwick@gmail.com,http://www.tiburonpenchmbrcommrceinc.co.uk,30883,51:38.2,17
Elinore,123 Sussex St,Wombourne,01457-837447,elinore.fulda@fulda.co.uk,http://www.agribusinessinsuranceagency.co.uk,42931,59:17.7,12
Lisbeth,484 Barry St,Castle Ward,01931-620849,lcreecy@gmail.com,http://www.gerstenfeldgeraldfesq.co.uk,40567,22:16.3,27
Eloisa,7033 Micawber St,Central Ward,01337-695353,eloisa.faurote@hotmail.com,http://www.mcdonaldmichaeljesq.co.uk,46390,43:53.9,20
Shawana,33 Vipond St,Central Ward,01413-348876,shawana@yahoo.com,http://www.bestwesternriverviewinn.co.uk,40741,00:01.4,20
Alyssa,85 Hero St,Central Buchan Ward,01632-887825,alyssa_ansbro@gmail.com,http://www.bergmichaeldesq.co.uk,48504,56:17.4,20
Kyoko,77 Reading St #8,Franche Ward,01235-173362,kyoko_mcmillian@gmail.com,http://www.natureconservancy.co.uk,40840,01:32.9,27
Terry,274 Altcar Ave,Everton Ward,01555-550015,tgauthier@yahoo.com,http://www.walkersusansesq.co.uk,49023,49:21.6,12
Sena,38 Avondale Rd #79,Franche Ward,01756-678490,sena.langenbach@hotmail.com,http://www.alternativecollectionsvcinc.co.uk,34463,45:08.6,23
Cristen,4679 Curzon St,Central Buchan Ward,01354-864473,cnesset@nesset.co.uk,http://www.johnsonmattheweesq.co.uk,34571,40:56.2,15
Lashawn,13 Nelson Rd,Shard End Ward,01676-780022,lashawn.ker@gmail.com,http://www.thornsjodaleoesq.co.uk,39844,29:38.6,18
Wade,2546 Hunter St,Central Ward,01712-978062,wade@hotmail.com,http://www.manhattansupplycodeerpk.co.uk,41649,47:05.0,26
Whitney,77 Mason St #650,Westbury,01224-605237,whitney@gmail.com,http://www.cliffordstandifermcdowell.co.uk,30614,33:53.6,15
Deja,94 Wakefield St,City and Hunslet Ward,01378-234592,deja.conatser@hotmail.com,http://www.universalcaseco.co.uk,31942,54:09.4,24
Earnestine,529 Stalmine Rd #3680,Castle Ward,01807-346103,earnestine_casper@hotmail.com,http://www.aojmfgcorp.co.uk,39884,09:32.4,14
Frankie,52 Morningside Rd #1,Westbury,01295-678319,fmarruffo@gmail.com,http://www.paralegalpersonnel.co.uk,30416,42:38.1,20
Paola,94 Enid St,Wombourne,01333-642646,pdease@gmail.com,http://www.sunderlandpublishingco.co.uk,35021,00:19.0,14
Rodrigo,661 Great Crosshall St,Wombourne,01936-611490,rodrigo@hotmail.com,http://www.godfroywilliamesq.co.uk,41615,15:32.9,18
Luther,227 Albert Terrace,City and Hunslet Ward,01536-639256,luther@gmail.com,http://www.crossroadstravelserviceinc.co.uk,35211,59:11.2,17
Casey,464 Back Nile St #618,Franche Ward,01728-100333,casey.dondero@hotmail.com,http://www.sarraillynchhall.co.uk,37379,13:20.7,21
Ressie,42 Eastwood St,Westbury,01996-854517,ressie_bontemps@bontemps.co.uk,http://www.typesetters.co.uk,41140,31:43.8,12
Sean,2877 Grain St,Castle Ward,01773-139510,sean.schurman@schurman.co.uk,http://www.cooperelectricsupplyco.co.uk,45978,49:03.0,19
Celestina,13 Stockdale St #779,Castle Ward,01763-475078,cpince@pince.co.uk,http://www.mcallistermurphypc.co.uk,38309,26:22.7,23
Maira,9 Cropper St,Everton Ward,01582-839217,maira.karas@yahoo.com,http://www.blantonmaryrattorney.co.uk,31928,24:42.3,19
Beth,3 Gaskell St,Castle Ward,01210-926114,bbarbone@barbone.co.uk,http://www.upperdeckco.co.uk,45384,24:43.8,31
Wei,5221 Royston St,Franche Ward,01912-146880,wei_nobel@hotmail.com,http://www.victorycoating.co.uk,36466,20:04.8,25
Melissia,83 St Johns Lane #43,Central Buchan Ward,01515-360513,mslotemaker@gmail.com,http://www.twiningnemiasteflik.co.uk,43541,28:07.5,18
Letha,603 Pall Mall,Westbury,01694-424205,letha_akey@akey.co.uk,http://www.jeanettesdraperyupholstery.co.uk,30976,22:04.7,26
Isaac,76 Dawber St #6,Wombourne,01939-738818,isaac.semrad@semrad.co.uk,http://www.prughpamelajcpa.co.uk,45264,17:50.6,19
Kristine,3380 Alexander St,Central Buchan Ward,01710-435506,kristine.klipfel@yahoo.com,http://www.neeleygregorywesq.co.uk,45415,01:08.8,23
Odette,216 Lissant St #8,Franche Ward,01712-248851,odette_moussette@gmail.com,http://www.villagebusinesscenter.co.uk,35282,33:51.5,29
Hobert,92 Phythian St #614,Central Ward,01245-353227,hobert@gmail.com,http://www.carlinangelagesq.co.uk,48299,00:58.2,26
Isadora,792 Queens Rd,Westbury,01526-145485,isadora.mchughes@mchughes.co.uk,http://www.fanshop.co.uk,38166,55:38.3,20
Emily,5196 York St,Everton Ward,01416-913482,emily.pogorelc@yahoo.com,http://www.mccartneyprintingservices.co.uk,32308,59:36.4,20
Desire,428 Kearsley St,Everton Ward,01819-701096,desire@gmail.com,http://www.greatercincschlemplcrdtun.co.uk,34453,29:11.2,20
Rosalind,8 Chestnut St,Everton Ward,01918-999052,rosalind.stamps@stamps.co.uk,http://www.haarallenf.co.uk,44953,50:40.4,18
Vernell,998 Roe St #6,Westbury,01954-363885,vernell@hotmail.com,http://www.harmons.co.uk,40293,23:44.8,18
Micheline,3 Copenhagen Rd,Wombourne,01857-518738,micheline.mathieson@yahoo.com,http://www.mailboxesetc.co.uk,40569,38:02.9,23
Nathan,293 Vivian St,Central Ward,01555-702650,nathan.outhouse@gmail.com,http://www.grtamercnfedsvngslnassn.co.uk,39657,03:58.7,14
Allene,8 Barlow St #6,Wombourne,01731-825958,allene.burau@hotmail.com,http://www.alliedplastics.co.uk,32567,46:06.7,24
Julie,5 Shakspeare St #66,Everton Ward,01225-180983,julie@gmail.com,http://www.newtonclerk.co.uk,41464,17:58.0,23
Francisca,7 Carolina St,Central Ward,01345-878334,fshuhi@shuhi.co.uk,http://www.thompsonchesneymd.co.uk,49579,24:31.5,14
Marisha,52 Trowbridge St,Central Buchan Ward,01257-461104,marisha.wilcoxon@gmail.com,http://www.youngdoorcompany.co.uk,39484,16:43.7,15
Telma,25 Village St,Westbury,01500-649863,telma@maraia.co.uk,http://www.reliableyardservice.co.uk,43757,38:23.3,17
Luke,4 Peach St #5112,Castle Ward,01375-820236,luke.crete@crete.co.uk,http://www.mdwrailway.co.uk,32534,11:00.0,29
Hubert,3614 Old Hall St #604,Franche Ward,01408-965643,hubert.mias@gmail.com,http://www.chuckmasterco.co.uk,47018,45:33.9,13
Janella,3768 Hey Green Rd,Everton Ward,01746-505364,jaltobell@hotmail.com,http://www.shannonpaulvesq.co.uk,36831,55:35.1,17
Angelo,97 Newlands St,Castle Ward,01544-247601,angelo.lavista@gmail.com,http://www.computemp.co.uk,40605,49:46.3,12
Tran,6226 Maitland St,Westbury,01609-235350,tran.mandiola@hotmail.com,http://www.nrocklandeduclfedcrdtun.co.uk,49923,51:48.7,29
Reynalda,891 Crocus St,Franche Ward,01951-872658,reynalda@vanhooser.co.uk,http://www.aallinoneconstruction.co.uk,45528,41:43.5,14
Salley,1 Segrave St,Everton Ward,01858-162078,salley.rieger@gmail.com,http://www.barnettindustriesinc.co.uk,41356,09:40.1,28
Cheryll,666 Moor Place,Franche Ward,01780-380120,cheryll_yurich@yurich.co.uk,http://www.blainecostructuralmovers.co.uk,33534,40:34.5,19
Crista,1554 Christopher St,City and Hunslet Ward,01976-784016,crista@yahoo.com,http://www.greenpointsavingsbank.co.uk,30844,05:27.9,29
Lino,55 Margaret Rd,Wombourne,01316-590173,lino.sutulovich@gmail.com,http://www.sherpacorp.co.uk,47488,09:17.9,15
Galen,8830 Antonio St,Everton Ward,01220-653456,galen.wendorf@wendorf.co.uk,http://www.russellameliamosleyesq.co.uk,39245,32:07.8,15
Gilbert,82 Sinclair St,Central Buchan Ward,01455-565046,gilbert.langarica@gmail.com,http://www.interamericanpressassn.co.uk,43393,23:59.7,20
Whitney,7568 Atlas St,Westbury,01255-383731,whitney.goossen@hotmail.com,http://www.eaglenewspapers.co.uk,38569,08:53.0,23
Socorro,93 Clyde Rd #9,Everton Ward,01311-567052,socorro_abrahams@abrahams.co.uk,http://www.martinmorrissey.co.uk,31801,01:03.5,30
Mauricio,18 Nimrod St,Everton Ward,01640-813748,mflam@gmail.com,http://www.callenderwilliamcesq.co.uk,40038,57:02.9,18
Phillip,6 Cannock St,Franche Ward,01490-898175,paloi@hotmail.com,http://www.duffieldmichaelc.co.uk,42483,59:17.3,22
Gilberto,2258 Benedict St,Castle Ward,01582-161403,gerixon@gmail.com,http://www.advanceddatasystems.co.uk,36181,07:01.3,17
Thad,9302 Ismay St #6,Central Ward,01506-152661,thad_puskarich@puskarich.co.uk,http://www.drubnernormansesq.co.uk,47259,56:33.2,14
Bambi,3347 Lawrence Rd #456,Central Buchan Ward,01676-354943,bambi.favaron@yahoo.com,http://www.desktopcenter.co.uk,46680,50:34.0,12
Marshall,47 Elwy St,Central Buchan Ward,01913-454226,marshall@hotmail.com,http://www.vikinglodge.co.uk,45295,58:52.6,14
Chery,553 Picton Rd,Everton Ward,01274-659801,cwiederin@yahoo.com,http://www.rosenkrancebrent.co.uk,49816,59:39.8,31
Eileen,9986 Cantsfield St,Castle Ward,01904-227024,eileen@yahoo.com,http://www.holidayhouseapts.co.uk,32365,59:37.5,24
Melita,1 Sussex St,Franche Ward,01431-484822,melita.szpak@szpak.co.uk,http://www.ordraymenwarehousemans.co.uk,31565,27:54.6,17
Ashley,9548 Ogwen St #84,Wombourne,01740-739731,ashley_jessie@jessie.co.uk,http://www.haneytomcmd.co.uk,46827,14:02.9,28
Laila,57 St Georges Hill,Castle Ward,01550-206220,lfend@gmail.com,http://www.burlingtoncolibrary.co.uk,33979,38:33.6,21
Bobbie,385 Upper Hampton St #39,Westbury,01496-781616,bguillereault@gmail.com,http://www.genevawoodsprofessionalctr.co.uk,38174,50:24.8,30
Dana,6378 Lyell St #48,Castle Ward,01847-224345,dpaluszynski@paluszynski.co.uk,http://www.chilepeppermagazine.co.uk,31014,11:26.4,27
Freida,675 Falstaff St #170,Central Buchan Ward,01773-691786,freida_newyear@yahoo.com,http://www.flashelenasalernoesq.co.uk,34710,41:07.9,31
Val,87 Pelops St,Shard End Ward,01387-155607,vcellucci@yahoo.com,http://www.owensborobricktile.co.uk,30897,07:48.4,16
Horace,5 Eyes St,Central Buchan Ward,01924-556297,horace.knapp@yahoo.com,http://www.mouwcelellopc.co.uk,31761,51:01.8,27
Joana,2427 Olney St #7,Westbury,01320-402522,jreinecke@reinecke.co.uk,http://www.visitingnurassnctrljersey.co.uk,33702,20:42.4,25
Tiara,805 Westbank Rd,Everton Ward,01270-562265,tiara_schlichter@schlichter.co.uk,http://www.ccindustries.co.uk,49335,29:10.8,13
Dacia,36 Cranmer St #4697,Central Ward,01984-926059,dacia.swaisgood@swaisgood.co.uk,http://www.nelsonpaulsonchartered.co.uk,40415,50:20.0,17
Myong,2 Kirkdale Rd,Castle Ward,01897-419567,mbabineaux@babineaux.co.uk,http://www.capitalthrpysptsmedcninc.co.uk,34519,45:54.9,31
Gene,4687 Atherton St,Franche Ward,01257-354396,gene_bleile@bleile.co.uk,http://www.suntoledorefineryco.co.uk,32574,07:55.8,28
Kanisha,513 Bailey St,City and Hunslet Ward,01770-697837,kanisha@gmail.com,http://www.matamarioaesq.co.uk,36264,30:31.8,19
Ayesha,620 Old Leeds St,Central Ward,01284-871485,ayesha@gmail.com,http://www.meredithpavingcorp.co.uk,34268,34:10.7,20
Lanie,5149 Maria Rd,Westbury,01218-415062,lanie.smalarz@yahoo.com,http://www.philosophicalrsrchsctybkstr.co.uk,30548,04:43.9,27
Jaleesa,8 Taylor St,Westbury,01507-519053,jpolintan@polintan.co.uk,http://www.newjerseytanningcoinc.co.uk,40794,49:09.3,13
Tamekia,588 Venmore St,Everton Ward,01794-317624,tamekia.flotow@hotmail.com,http://www.allcountyinc.co.uk,44277,14:47.7,19
Ula,1 Newby St,Wombourne,01291-565542,ula@hotmail.com,http://www.mailboxesetc.co.uk,35731,59:53.6,21
Rosendo,5588 Lake St #903,Westbury,01404-343160,rratel@yahoo.com,http://www.elmarkgraphicsinc.co.uk,47906,10:29.6,20
Timmy,9112 Hardwick St,Franche Ward,01651-232745,tlintner@hotmail.com,http://www.interdependenceassociatesinc.co.uk,37752,31:01.7,17
Zita,2395 Gloucester Pl,Central Buchan Ward,01368-497445,zita_speltz@yahoo.com,http://www.mmmdesigngroup.co.uk,42583,40:59.8,25
Aleisha,341 Birchfield St,Everton Ward,01341-997268,aleisha.lemm@gmail.com,http://www.pathecmptrcntrlsystemscorp.co.uk,34220,40:26.2,24
Naomi,9854 Ranelagh Place,Everton Ward,01469-888112,naomi.lavezzo@yahoo.com,http://www.torrefazioneitaliainc.co.uk,34996,50:32.4,27
Aretha,8 Nova Scotia,Everton Ward,01816-462521,aretha@hotmail.com,http://www.sawyerrobertmesq.co.uk,31322,49:35.1,28
Mila,72 Lime Place,Central Ward,01300-650262,mila_figuera@yahoo.com,http://www.ussapporoainc.co.uk,31443,01:56.5,13
Orville,907 Denman St,Westbury,01998-694754,orville_zuehl@zuehl.co.uk,http://www.tetilouisnesq.co.uk,33784,47:40.6,17
Gabriele,5 Garfield St #9,Everton Ward,01404-425588,gabriele@geschke.co.uk,http://www.levysecurityconsultantsltd.co.uk,39069,00:33.6,22
Kara,345 Feltwell Rd,Franche Ward,01691-316298,kara@yahoo.com,http://www.eladobeinn.co.uk,47398,47:25.9,27
Kenny,1 Towson St,Everton Ward,01753-900033,kenny@lin.co.uk,http://www.mcmahanmcmahanbrinkley.co.uk,34420,52:58.6,26
Vashti,4 Candia St #6,Westbury,01311-723137,vashti@gmail.com,http://www.accurateengravingco.co.uk,31667,03:54.3,30
Jordan,2 Cherry Lane,Everton Ward,01793-443665,jordan_handsaker@gmail.com,http://www.shirleysprintshoppe.co.uk,41021,20:55.7,23
Carisa,7 Britannia Ave #875,Central Buchan Ward,01911-775929,carisa.degenhardt@degenhardt.co.uk,http://www.schwendsigns.co.uk,35664,32:13.7,25
Audrie,63 Brunswick Sq,Franche Ward,01344-670413,adanaher@yahoo.com,http://www.kcproductsco.co.uk,39047,39:09.7,18
Shaunna,5 Gainsborough Rd,Westbury,01658-509610,shaunna.rodamis@yahoo.com,http://www.engelbrechtackermanhassman.co.uk,33517,31:06.6,24
Coleen,745 Goodall St #9309,Central Ward,01956-525612,coleen.langer@hotmail.com,http://www.valleyprodnctrforvidaud.co.uk,37310,25:38.1,28
Katie,1267 Alderson Rd,City and Hunslet Ward,01606-772920,katie@choinski.co.uk,http://www.coastaltechnologies.co.uk,39045,16:01.0,31
Dannie,2 Gay St #3702,Everton Ward,01675-779811,dbrau@brau.co.uk,http://www.goodfellowagency.co.uk,34142,49:09.8,30
Ashanti,3409 Benns Gardens,Central Buchan Ward,01352-599278,adonn@yahoo.com,http://www.denticator.co.uk,38099,26:47.3,18
Madalyn,1 Lower Burlington St,Franche Ward,01974-720949,madalyn.dubberly@gmail.com,http://www.lmindustrialchemicalsinc.co.uk,34425,01:10.2,22
Santos,4706 Chapel Place #5993,Central Buchan Ward,01614-431131,santos@gmail.com,http://www.gallagherjohnjesq.co.uk,47420,56:42.7,21
Alyce,4 Mather St,Westbury,01361-927368,alyce@yahoo.com,http://www.sadowskijeffreya.co.uk,49436,55:52.3,14
Pearly,9960 Gilroy Rd,Franche Ward,01329-374051,pero@hotmail.com,http://www.ruggallery.co.uk,46979,59:32.6,12
Cherrie,3 Burnall St,Everton Ward,01373-498883,cherrie_nitschke@yahoo.com,http://www.watsonrichardimd.co.uk,30664,35:05.4,27
Maia,8 Bigham Rd,Everton Ward,01950-708083,maia_shadd@gmail.com,http://www.pigeonfallsstatebank.co.uk,49276,47:04.0,18
Edwin,950 Gordon St,Westbury,01366-667615,edwin_logghe@hotmail.com,http://www.josephvictorsoninc.co.uk,34698,59:55.8,26
Leigha,784 Juno St #7653,Everton Ward,01406-216625,lsemenza@yahoo.com,http://www.uniqueepoxy.co.uk,47600,01:43.9,31
Walker,69 Chantrey St #90,City and Hunslet Ward,01245-616596,walker.seeger@yahoo.com,http://www.jimdunnambuilderinc.co.uk,37183,08:48.0,16
Nakita,4 Northbrook St #600,Westbury,01679-150583,nakita_rodrigues@gmail.com,http://www.richardmulhollandpropinc.co.uk,41329,05:14.3,25
Kattie,526 Liffey St #759,Westbury,01322-491007,kozane@gmail.com,http://www.pagepatriciaaesq.co.uk,33042,05:35.0,24
Lamar,6301 Dorset Rd,Wombourne,01716-613102,lsuite@yahoo.com,http://www.tjboyleassociates.co.uk,35487,52:33.5,20
Juliana,4 Summer Seat Bootle,Westbury,01962-844141,juliana.uken@yahoo.com,http://www.charlesscavadinicic.co.uk,41935,21:37.2,15
Chan,84 Walton Village,Westbury,01507-583669,chan@gmail.com,http://www.hydricklawoffices.co.uk,48883,11:32.6,19
Delpha,8 Tagus St #9814,Central Buchan Ward,01322-480025,delpha.detamore@yahoo.com,http://www.bilartooldieinc.co.uk,31052,03:23.5,14
Floyd,770 Jamaica St,City and Hunslet Ward,01882-970809,floyd_tivis@hotmail.com,http://www.sheplerswesternwear.co.uk,42697,57:16.4,26
Chantell,11 Tetlow St,Everton Ward,01607-329400,chantell_besong@gmail.com,http://www.kellymarkc.co.uk,45634,43:26.6,16
Martin,7642 Ledward St,Westbury,01919-185409,mfonua@yahoo.com,http://www.aviationinsuranceinc.co.uk,37143,08:56.5,28
Hyun,1432 Rutland Ave,Castle Ward,01594-744010,hyun@gmail.com,http://www.hallronalda.co.uk,35335,18:01.1,12
Nada,22 Harewood St #95,City and Hunslet Ward,01576-627827,nada@hotmail.com,http://www.advancedengineeringassocs.co.uk,37623,56:39.6,18
Elizabeth,645 Lister Drive,Westbury,01634-662999,elizabeth@gmail.com,http://www.hirschhenrylesq.co.uk,33725,58:41.3,27
Dominic,8977 Old Leeds St #87,Franche Ward,01725-615270,dwashmuth@hotmail.com,http://www.bremerduncansesq.co.uk,40254,44:55.7,13
Alise,22 Delamore St,Everton Ward,01266-695304,alise.packebush@gmail.com,http://www.wncforkliftinc.co.uk,49950,10:50.1,17
Flo,35 Walton Lane,City and Hunslet Ward,01983-847833,flo.bardsley@hotmail.com,http://www.hancockjohnjesq.co.uk,39383,08:36.2,26
Bonita,22 Kilshaw St,Castle Ward,01989-617161,bsandblom@gmail.com,http://www.transbaysteelcorp.co.uk,33702,58:31.3,27
Royal,1 Argyle St,Central Buchan Ward,01934-427282,royal.rush@yahoo.com,http://www.severttodddesq.co.uk,36228,23:09.5,21
Erasmo,3 Garden Lane,Central Buchan Ward,01492-454455,erasmo.talentino@hotmail.com,http://www.activeairsystems.co.uk,48274,48:13.1,31
Mari,4309 Chisenhale St,Central Ward,01423-202676,msmeby@gmail.com,http://www.abedoorswindows.co.uk,38722,37:58.5,27
Eleonora,758 Woodhouse St,City and Hunslet Ward,01966-685595,eleonora@gmail.com,http://www.jacksondonaldmesq.co.uk,41331,02:55.8,23
Therese,18 Ouse St,Everton Ward,01611-691262,tshiraki@gmail.com,http://www.wuhffox.co.uk,35121,27:39.7,24
Rodolfo,5 Ruskin St,City and Hunslet Ward,01576-536794,rodolfo_scavuzzo@yahoo.com,http://www.gulfatlanticequipmentcoinc.co.uk,47259,10:09.2,22
Cruz,4565 Blackstock St,Westbury,01710-616480,cruz@hotmail.com,http://www.grahamjohnaesq.co.uk,30459,31:40.4,26
Arlyne,8361 Cottenham St,City and Hunslet Ward,01907-958462,arlyne.dellinger@yahoo.com,http://www.holzgraferogereesq.co.uk,39362,06:52.0,20
Edward,1267 Audley St,Westbury,01242-422459,edward_strejan@gmail.com,http://www.kaysersnutritioncenter.co.uk,45267,53:50.5,14
Christoper,845 Atherton St,Westbury,01455-958797,christoper@gmail.com,http://www.jonesbrighampesq.co.uk,32251,30:20.7,29
Melda,150 Margaret Rd,Franche Ward,01879-572287,melda.colamarino@colamarino.co.uk,http://www.proctorassociatesco.co.uk,45919,19:19.8,21
Margot,9923 Dinorben St #4838,Everton Ward,01925-895879,margot.peay@yahoo.com,http://www.borkterrydesq.co.uk,47565,21:00.1,29
Gerald,186 Craven St #68,Everton Ward,01593-647422,gdrozdenko@yahoo.com,http://www.diamondcbntsdivwhtconsind.co.uk,44397,02:38.2,17
Tomoko,5160 High St #38,Everton Ward,01731-573285,tomoko@renno.co.uk,http://www.tricoprodscorp.co.uk,40657,41:33.1,24
Mendy,3833 Sidney Rd,City and Hunslet Ward,01378-845450,mendy.wassmann@wassmann.co.uk,http://www.ruellojosephf.co.uk,34490,14:04.2,20
Daryl,6267 Greenland St,Everton Ward,01391-238570,dhilcher@hotmail.com,http://www.petalumaareachambercommrce.co.uk,36658,01:10.6,28
Ty,14 Landseer Rd,Westbury,01964-503521,tfeeback@gmail.com,http://www.barnetttravel.co.uk,41574,11:07.9,29
King,30 Seville St,Central Ward,01908-714833,king_vanacore@yahoo.com,http://www.sdsepublictv.co.uk,47092,44:25.7,22
Isidra,79 Chelmsford St,Everton Ward,01600-982590,ivarnado@varnado.co.uk,http://www.howlandmachinecorp.co.uk,46591,33:35.7,24
Tonja,8 South John St,Westbury,01683-204727,tdriesenga@driesenga.co.uk,http://www.firstozaukeesavingsbank.co.uk,43667,05:56.4,13
Shaquana,50 Townsend St,Franche Ward,01641-726098,shaquana@hotmail.com,http://www.generaltruckpartequipment.co.uk,46203,11:28.7,16
Gilberto,7643 Campbell St,City and Hunslet Ward,01304-758732,gfeagins@gmail.com,http://www.finlayjosephbjr.co.uk,49120,40:25.5,17
Rex,371 Oakleigh,Franche Ward,01955-496773,rfaehnle@faehnle.co.uk,http://www.heringglennzesq.co.uk,43934,50:02.6,13
Adolph,9874 Oakfield Rd,Castle Ward,01731-429712,adolph_cunningham@hotmail.com,http://www.moorheadbridgetkleinesq.co.uk,43373,37:24.7,30
Queen,6 Princes St,Franche Ward,01567-846944,queen_leader@gmail.com,http://www.ottumwaglassco.co.uk,37086,38:11.2,20
Rebbecca,4190 Seacombe St,Westbury,01583-168158,rrufenacht@yahoo.com,http://www.ithacaguitarworksinc.co.uk,46771,22:18.6,20
Ardella,3145 Rhyl St,Everton Ward,01813-786468,ardella.goldrup@goldrup.co.uk,http://www.bedfordbooksstmartinsprs.co.uk,45103,46:20.5,12
Dallas,4919 Lime Grove,Wombourne,01356-551432,dallas_miyashiro@miyashiro.co.uk,http://www.embuildingproductsinc.co.uk,49155,18:57.4,26
Vivan,8 Carolina St,Everton Ward,01907-573672,vjenious@yahoo.com,http://www.mnplsarprtmarriott.co.uk,41382,52:53.7,27
Han,1592 Price St,Everton Ward,01532-163009,han_dzledzic@hotmail.com,http://www.captaincopy.co.uk,34961,56:27.6,29
Emilio,2 Weller St,Central Buchan Ward,01845-679016,emilio_guitierrez@guitierrez.co.uk,http://www.registerprintingco.co.uk,35017,50:13.1,31
Latia,18 Thomas St,Central Ward,01695-303367,lcos@yahoo.com,http://www.capitolcadillaccompany.co.uk,34749,23:18.7,13
Lilli,42 Hey Green Rd,Central Buchan Ward,01752-399931,lilli@yahoo.com,http://www.aplumberssupply.co.uk,31813,50:49.0,18
Maryanne,256 Vesuvius St #159,City and Hunslet Ward,01455-447890,maryanne@hotmail.com,http://www.leveringcharlesbesq.co.uk,41749,51:07.9,16
Eliz,82 Denison St #2642,Franche Ward,01699-467608,eliz@gmail.com,http://www.karlmaygeneralcontractor.co.uk,31860,41:01.2,26
Laura,1779 Bird St,Westbury,01821-208235,laura_gumaer@gmail.com,http://www.cleasingcompany.co.uk,42671,30:15.0,20
Leanora,99 College St South #1,City and Hunslet Ward,01564-503370,lrespicio@respicio.co.uk,http://www.fireprotectionconsultants.co.uk,40445,10:19.9,30
Sherell,29 Greenleaf St,Central Buchan Ward,01523-372834,spomarico@hotmail.com,http://www.kxltradiokfm.co.uk,44365,53:06.7,22
Charlie,39 Hooton Place,Franche Ward,01295-844061,charlie@isita.co.uk,http://www.sotorrioreneaesq.co.uk,48315,54:28.0,12
Veronique,198 Ranelagh Place,Central Buchan Ward,01632-762032,vnuckolls@gmail.com,http://www.cinemaxcablepaytvsvce.co.uk,30431,56:08.6,14
Antonio,353 Standish St #8264,Westbury,01559-403415,antonio.villamarin@gmail.com,http://www.combssheetmetal.co.uk,30223,08:35.7,25
Louvenia,87 Eldon Place,Central Buchan Ward,01315-409372,lkincannon@kincannon.co.uk,http://www.fineshribermarilynesq.co.uk,38836,33:25.8,12
Roxanne,592 Catharine St,Everton Ward,01317-299836,roxanne_hedegore@gmail.com,http://www.wallacebruceresq.co.uk,47360,29:24.0,27
Eve,1661 Arrow St,Central Buchan Ward,01746-129962,eve.hoffstot@yahoo.com,http://www.domesticintrntltechlgyltd.co.uk,40955,21:34.6,13
Kenda,7 Netley St,Westbury,01840-188852,kkoza@koza.co.uk,http://www.generalbinderycoinc.co.uk,34725,55:56.1,13
Elden,7 St Edmonds Rd,Central Buchan Ward,01539-784239,elden_mercik@mercik.co.uk,http://www.leestandvm.co.uk,39051,22:42.5,16
Kami,6996 Wrenbury St,Castle Ward,01775-876516,kami@yahoo.com,http://www.chomskycharlesesq.co.uk,41301,15:47.0,19
Selene,2 Prince Rupert St,City and Hunslet Ward,01741-833047,selene@yahoo.com,http://www.dustbooks.co.uk,47508,08:57.2,14
Deangelo,9970 Clyde Rd,Shard End Ward,01748-535438,deangelo_rardon@yahoo.com,http://www.ricloproductionsltd.co.uk,36965,20:55.6,26
Olen,9 Fielding St,Central Ward,01654-865551,olen@gmail.com,http://www.shohetgracecesq.co.uk,43829,09:31.5,15
Lanie,555 Ludlow St,Westbury,01973-841918,lanie@yahoo.com,http://www.lbt.co.uk,33064,58:14.4,19
Lynna,1 James St #4,City and Hunslet Ward,01914-909214,lynna@yahoo.com,http://www.wkyamstereo.co.uk,34755,00:12.9,31
Jody,3 Byng St #524,Central Buchan Ward,01822-390245,jody_klitzing@hotmail.com,http://www.dandeebeltbagcoinc.co.uk,40081,18:50.3,25
Antonio,425 Howley St,Franche Ward,01463-409090,antonio_glasford@glasford.co.uk,http://www.saintthomascreations.co.uk,41868,36:40.0,29
Merilyn,4041 Virgil St,City and Hunslet Ward,01770-233355,merilyn_scurci@hotmail.com,http://www.newyorkcliquidatorsinc.co.uk,49788,53:33.1,12
Elliott,32 High Park St #44,Westbury,01727-926540,elliott@gmail.com,http://www.johnnodaalawofclawrencee.co.uk,30126,21:47.2,22
Leonie,88 Vernon St,Castle Ward,01515-840778,leonie_devereux@gmail.com,http://www.mrbarbqinc.co.uk,41307,35:29.7,22
Eulah,62 Euston St,Everton Ward,01666-133305,eulah@syrop.co.uk,http://www.atec.co.uk,44053,40:08.1,19
Marsha,74 Medlock St,Franche Ward,01203-684728,marsha.tarry@yahoo.com,http://www.allgoodindustries.co.uk,42260,05:57.0,24
Mignon,80 Talbot St,Central Buchan Ward,01934-252795,mignon@gmail.com,http://www.nationallimeassociation.co.uk,35405,38:28.5,29
Tu,31 Buckingham Ave #3785,Westbury,01578-744350,tu_rivet@gmail.com,http://www.geminihatsaccessoriesinc.co.uk,39374,24:42.5,15
Adelle,162 Grayson St,Central Ward,01624-595660,adelle_schantini@yahoo.com,http://www.creativephotographyinc.co.uk,38957,41:32.2,28
Douglass,5 Webb St #8,Castle Ward,01305-958705,douglass@fonnesbeck.co.uk,http://www.goodspeedpauleesq.co.uk,45631,42:56.4,21
Evette,8092 Firdale Rd,Everton Ward,01277-740331,emazierski@mazierski.co.uk,http://www.consolidatedaluminum.co.uk,36409,38:42.5,27
Geraldo,68 Carno St,Central Buchan Ward,01374-376226,gokoren@okoren.co.uk,http://www.guadalajarabargrille.co.uk,37758,26:35.8,30
Clarinda,714 Moored St,Everton Ward,01902-887021,cpelayo@pelayo.co.uk,http://www.tejasloans.co.uk,34153,06:34.0,14
Reuben,545 North John St,City and Hunslet Ward,01337-407282,reuben.mccorrison@hotmail.com,http://www.kyestvchannel.co.uk,49331,35:41.6,12
Yen,21 Pilgrim St,Franche Ward,01882-911812,ygroody@groody.co.uk,http://www.dailyadvance.co.uk,34870,35:32.2,12
Tanja,9772 Teilo St,Westbury,01584-615989,tanja.milne@yahoo.com,http://www.austinperiodicalservices.co.uk,37424,04:02.8,13
Jerlene,33 Fonthill Rd,Everton Ward,01993-956208,jholtgrewe@yahoo.com,http://www.graniteconstructionco.co.uk,47502,33:19.8,16
Almeta,3 Ivyleigh,Everton Ward,01291-250423,akeehner@hotmail.com,http://www.hoolahancatherinegesq.co.uk,34713,00:12.7,25
Wilda,501 Sandon Terrace #200,Franche Ward,01950-109108,wilda@brigham.co.uk,http://www.morellihoskinsford.co.uk,42743,38:31.7,30
Remedios,9 Duckenfield St,Wombourne,01536-498792,remedios.arlinghaus@gmail.com,http://www.millermartinmesq.co.uk,43919,17:45.5,23
Margret,5466 Sedley St,Central Buchan Ward,01626-590776,margret@alcazar.co.uk,http://www.advantagetitleescrowinc.co.uk,30283,51:48.3,27
Denny,75 Brewster St #453,Franche Ward,01349-134533,dcasalenda@gmail.com,http://www.ringointernationalinc.co.uk,37781,54:42.6,29
Carolynn,7901 Beech St,City and Hunslet Ward,01815-665993,carolynn.atkison@hotmail.com,http://www.dorvaltradingcoltd.co.uk,47888,08:08.7,30
Amina,684 Cotswold St,Westbury,01536-114519,amina@yahoo.com,http://www.poaggraininc.co.uk,38706,37:05.5,17
Janna,5 April Rd #13,Westbury,01684-628072,jprzybyl@przybyl.co.uk,http://www.southwestmsshopgbag.co.uk,36229,44:10.7,31
Emiko,8 Village St,Wombourne,01660-135336,emiko.sayre@yahoo.com,http://www.scottmarlowagency.co.uk,33091,42:38.8,16
In,7 Haddock St #34,Castle Ward,01574-363346,in_muns@muns.co.uk,http://www.nursefinders.co.uk,44571,12:45.3,29
Eleni,9 Mather St,Castle Ward,01208-373467,eleni_vanscoik@gmail.com,http://www.simpsonfredbesq.co.uk,48425,43:12.2,30
Kandis,70 Rose Vale,Westbury,01797-837270,kalsbury@hotmail.com,http://www.fastcash.co.uk,49048,21:16.0,30
Kina,29 Oregon St,Franche Ward,01515-506025,kina_saltman@gmail.com,http://www.mitchellsillimancoinc.co.uk,39537,33:02.6,18
Jacki,15 East Albert Rd,Franche Ward,01820-396117,jacki.sterback@gmail.com,http://www.praverdavidlesq.co.uk,48175,40:05.0,27
Fallon,3186 Naylor St,Everton Ward,01538-649750,fallon.kerfoot@gmail.com,http://www.rotenstreichhandrewesq.co.uk,48740,04:20.1,23
Precious,9 Herbert St #77,Castle Ward,01687-288043,precious_brabble@brabble.co.uk,http://www.sigmacomcorporation.co.uk,36219,16:24.0,20
Glory,9830 Croxteth Rd,Franche Ward,01469-868357,glory_ona@gmail.com,http://www.realisleproperties.co.uk,32741,29:06.1,14
Tamesha,1054 Gladys St,Everton Ward,01954-979729,tamesha.tyburski@gmail.com,http://www.lissamyesq.co.uk,49064,50:57.1,17
Brande,921 Douro St #1520,Central Buchan Ward,01947-472569,bcutlip@yahoo.com,http://www.realestateappraisalsinc.co.uk,32525,22:34.4,26
Olene,180 Frodsham St,Franche Ward,01250-453315,olene_skubis@yahoo.com,http://www.lubyjosephkesq.co.uk,37390,43:11.9,29
Carey,7217 Edge Grove,City and Hunslet Ward,01750-379103,cmarchetta@hotmail.com,http://www.newrivertirecompanyinc.co.uk,46426,33:17.4,30
Launa,12 Gelling St,Westbury,01670-547878,launa.torez@yahoo.com,http://www.farbermindyesq.co.uk,31273,30:39.5,25
Dominga,763 Roscoe St,Central Buchan Ward,01341-700830,dominga@whitrock.co.uk,http://www.nohrkatharinemesq.co.uk,31884,50:41.1,26
Dwight,419 St Andrew St,Westbury,01822-404490,dbelyea@belyea.co.uk,http://www.skuttlemfgco.co.uk,35822,30:41.6,22
Cornell,623 Cornhill,Central Buchan Ward,01608-748971,cornell.mccrossin@mccrossin.co.uk,http://www.cheekjohndesq.co.uk,48449,16:57.0,18
Alverta,328 Havelock St #61,Franche Ward,01685-141932,alverta.topete@gmail.com,http://www.nationalcatholicreporter.co.uk,31333,44:53.3,18
Felicia,1056 College St South,Everton Ward,01722-395799,felicia@claybrooks.co.uk,http://www.stresconindustriesinc.co.uk,37132,19:43.1,26
Carmen,11 Denison St #7,Westbury,01692-491267,carmen@hotmail.com,http://www.nordabethdorseyesq.co.uk,33663,54:43.8,24
Ashlee,30 Daulby St,Everton Ward,01832-837946,ashlee.beyl@hotmail.com,http://www.indianaelectronicscorp.co.uk,36808,44:03.2,28
Vannessa,201 Bran St,City and Hunslet Ward,01206-207771,vannessa.land@yahoo.com,http://www.portdeliverysystems.co.uk,48807,43:27.5,16
Patti,1346 Vandyke St,Westbury,01539-157435,patti@rempel.co.uk,http://www.mederrandyfcpa.co.uk,47204,58:08.8,30
German,883 Howe St,Westbury,01790-887225,german@meyerhoff.co.uk,http://www.smcopiers.co.uk,36159,17:03.7,18
Anika,231 Wordsworth St,Everton Ward,01942-654793,anika@marse.co.uk,http://www.miltonterryassociates.co.uk,32803,33:55.8,16
Cristina,2449 Amberly St #6364,Everton Ward,01264-145506,cmarola@gmail.com,http://www.proimgmktngpubrelinc.co.uk,39567,45:05.5,16
Lemuel,8430 Shadwell St,Westbury,01580-252868,lemuel_allis@yahoo.com,http://www.computersecuritycnslntsinc.co.uk,47322,11:24.4,26
Joaquin,115 Lister Rd,Central Buchan Ward,01616-548910,jhysom@gmail.com,http://www.sporttoyota.co.uk,45383,53:27.1,24
Kerrie,7855 Sir Thomas St #7499,Franche Ward,01854-749084,kmakuch@gmail.com,http://www.kinkoscopies.co.uk,33575,04:13.6,20
Alaine,1 Milton St,City and Hunslet Ward,01927-151413,alaine@hotmail.com,http://www.putnamcoinc.co.uk,36105,41:01.2,26
Shannon,1111 Nesfield St,Westbury,01620-435994,shannon@yahoo.com,http://www.hungs.co.uk,48232,48:47.6,24
Corinne,1831 Richards St #8,Castle Ward,01933-753592,corinne@holman.co.uk,http://www.herculitemasonsupplyinc.co.uk,30886,17:08.5,28
Heidy,8054 Low Hill,Franche Ward,01958-748582,hhallford@hotmail.com,http://www.newenglanddiecoinc.co.uk,30388,58:12.3,22
Marylyn,7252 Dansie St,Everton Ward,01721-694690,marylyn_shonerd@yahoo.com,http://www.barkerelectronics.co.uk,47953,29:57.7,31
Maryln,76 Paulton St,Castle Ward,01618-628525,maryln@gmail.com,http://www.mullinsglenesq.co.uk,30189,24:34.5,16
Pearlie,4 Cochrane St,Westbury,01235-935599,pearlie_flori@gmail.com,http://www.marinesafetyinternational.co.uk,32991,51:04.5,30
Nina,5679 Gloucester Pl,Central Buchan Ward,01434-621318,nyaklin@hotmail.com,http://www.rammmetalsinc.co.uk,46343,37:49.2,21
Vivienne,45 Ledward St,Everton Ward,01782-100832,vivienne@hotmail.com,http://www.finleycolmerco.co.uk,30264,18:36.3,25
Jacob,4 Monmouth Rd,Central Buchan Ward,01550-463222,jacob.kippel@yahoo.com,http://www.accautomationinc.co.uk,48091,41:27.0,20
Tula,64 Croyland St,Castle Ward,01846-815511,tnahmias@nahmias.co.uk,http://www.anstoettermarkdesq.co.uk,43951,52:47.0,12
Berry,4 Vivian St,Everton Ward,01379-603039,berry.scandalis@gmail.com,http://www.americanfinefoodsinc.co.uk,34240,52:08.2,19
Kaycee,35 Dublin St,Central Buchan Ward,01270-893129,kaycee.carsten@gmail.com,http://www.dohnlawofficesincps.co.uk,30559,35:27.4,31
Melvin,87 Pickup St,Franche Ward,01401-151569,melvin_setter@setter.co.uk,http://www.rexinternatl.co.uk,37640,29:07.3,23
Brianne,7 Cottenham St,Central Ward,01519-417660,brianne@matsumura.co.uk,http://www.benderassociates.co.uk,30331,23:41.8,21
Eugene,622 Holmes St,Franche Ward,01839-920108,eugene_pelzer@gmail.com,http://www.fashioncornerinc.co.uk,44531,30:23.9,21
Margery,40 Peters Lane,Westbury,01634-340524,margery@hotmail.com,http://www.cgmcculloughinsuranceagcy.co.uk,42979,05:18.2,18
Noel,2 Cockburn St,City and Hunslet Ward,01868-736780,nsarra@gmail.com,http://www.orkinexterminatingcoinc.co.uk,38190,48:36.6,26
Beula,65 Oban Rd,Franche Ward,01322-144392,beula_lingo@yahoo.com,http://www.bauercoatings.co.uk,31573,55:37.2,29
Sheridan,31 Davy St,Everton Ward,01512-765064,sheridan.mckenize@hotmail.com,http://www.wordimageworkshopinc.co.uk,43395,19:25.8,24
Dino,80 Ellerslie Rd,Wombourne,01802-634391,dino.meinert@yahoo.com,http://www.containerdecoratinginc.co.uk,43406,00:18.2,12
Rebbeca,4 Sherwood St,Central Buchan Ward,01708-724957,rebbeca_rubinstein@hotmail.com,http://www.cullenjackjesq.co.uk,35629,16:44.7,28
Celia,8362 Whithorn St,Central Buchan Ward,01309-159593,celia.reisling@hotmail.com,http://www.bridgervalleygeneralstore.co.uk,40324,09:45.3,13
Stefania,25 Dale St #2,Central Buchan Ward,01698-705920,sweatherwax@yahoo.com,http://www.robertvanceltd.co.uk,31883,06:37.8,21
Leah,68 Scotland Place,Everton Ward,01777-851028,leah@hotmail.com,http://www.safeguardchemicalcorp.co.uk,34960,40:34.7,22
Billy,338 Alfonso Rd,Central Buchan Ward,01270-345115,billy.selma@yahoo.com,http://www.taylorinn.co.uk,34816,40:08.5,14
Doug,65 Rankin St,Westbury,01943-467489,dlucore@yahoo.com,http://www.barralbertsiii.co.uk,35634,27:11.1,22
Veronica,8 Cookson St,Central Ward,01456-906658,veronica@hotmail.com,http://www.lasvegasartmuseum.co.uk,42460,27:00.3,17
Laquanda,7 Lockhart St,Franche Ward,01725-370369,laquanda.kho@yahoo.com,http://www.bayouweldingworksinc.co.uk,48572,41:45.6,24
Mohammad,363 Vandries St,Castle Ward,01705-240007,mpoitra@yahoo.com,http://www.kenyonwilliamresq.co.uk,42257,45:36.1,13
Mozell,8 Gertrude St,City and Hunslet Ward,01348-989703,mozell.westad@westad.co.uk,http://www.foxvisioncenter.co.uk,44541,44:49.7,18
Bronwyn,826 Rumney Rd West #7,Westbury,01407-312329,bronwyn.bridgford@yahoo.com,http://www.edgemerefinancecompany.co.uk,43906,31:46.1,18
Jeff,954 Madelaine St,Franche Ward,01593-501965,jeff.brossoit@yahoo.com,http://www.jehconstructionco.co.uk,49512,48:21.9,25
Shantay,7602 Brook St #86,Westbury,01516-850881,shopman@hopman.co.uk,http://www.smithdekayps.co.uk,49372,35:39.6,16
Chantay,966 Bower St,Everton Ward,01721-910475,chantay_jirsa@jirsa.co.uk,http://www.poseycompany.co.uk,49339,29:22.9,19
Keneth,2 Seacombe St,Franche Ward,01919-731224,keneth_stpierrie@hotmail.com,http://www.muellerreproblueprintg.co.uk,44695,06:53.3,27
Alton,83 Battenburg St,Westbury,01767-568989,alton_rampy@gmail.com,http://www.reliablemetalcraftinc.co.uk,42382,31:09.4,28
Patrick,2 Whitefield Rd,Westbury,01842-131065,patrick@hotmail.com,http://www.dworkinmichaell.co.uk,32986,28:00.1,16
Theron,869 Luke St,City and Hunslet Ward,01655-809574,theron@merriam.co.uk,http://www.percivalmarkresq.co.uk,49162,06:31.8,12
Pilar,4 Ogwen St,Wombourne,01356-866584,pilar@yahoo.com,http://www.demernormannsmithltd.co.uk,32101,53:40.3,22
Lashunda,205 Forge St #4021,City and Hunslet Ward,01422-728149,lashunda@yahoo.com,http://www.kluzaassociates.co.uk,42432,31:38.9,20
Verda,999 Upper Harrington St #61,Central Buchan Ward,01754-426672,vchiphe@chiphe.co.uk,http://www.ardrox.co.uk,37358,31:09.6,14
Ashley,3 Greenleaf St #5644,Castle Ward,01951-324927,ashley.tropp@gmail.com,http://www.everythingsadollar.co.uk,35520,23:21.1,22
Vesta,493 Wellington Rd,Everton Ward,01772-461124,vhavely@havely.co.uk,http://www.toolservicecompanyinc.co.uk,47976,28:41.8,12
Emogene,1257 Stone St,Westbury,01681-212638,emogene.ritthaler@yahoo.com,http://www.mcdonaldservicestation.co.uk,44087,30:42.3,20
Shayne,1 Bousfield St,Castle Ward,01286-279043,smordhorst@mordhorst.co.uk,http://www.donallenassociatespa.co.uk,44443,35:24.0,15
Franchesca,59 Westminster Rd,Everton Ward,01748-827176,franchesca@gmail.com,http://www.cappelloabarryesq.co.uk,41671,17:34.7,13
Elmira,143 Clark St #802,Westbury,01934-672498,eringlein@gmail.com,http://www.hylandrichardsesq.co.uk,32638,12:30.5,15
Destiny,421 Monument Place #44,Westbury,01421-624966,destiny@yahoo.com,http://www.dieselrecon.co.uk,35768,22:10.8,28
Gaston,8 Gullett St,Westbury,01651-911453,gaston.szumski@hotmail.com,http://www.redgiantfoodsinc.co.uk,30178,34:04.4,19
Ronna,2767 Pembroke St #979,Everton Ward,01214-651738,ronna_mittler@hotmail.com,http://www.bethesdagazette.co.uk,47548,03:23.9,24
Angelica,47 Orry St #8243,Wombourne,01472-449327,apoisso@gmail.com,http://www.chemicalconsultants.co.uk,40506,20:23.5,30
Casie,5 Noon St,Franche Ward,01289-195823,casie@gmail.com,http://www.wenatcheevalleyfedcrdtun.co.uk,41860,30:40.2,23
Magdalene,510 Belvidere Rd,Everton Ward,01546-162965,magdalene_cocherell@yahoo.com,http://www.southerninteriorsinc.co.uk,42217,41:56.5,26
Erasmo,860 Rokeby St,Franche Ward,01445-796544,egath@hotmail.com,http://www.panoptx.co.uk,49327,46:23.4,15
Rosalia,9362 Solomon St #97,Everton Ward,01414-349699,rosalia.ziv@ziv.co.uk,http://www.ariasmicheleannmd.co.uk,32863,45:59.2,31
Lyda,916 Strand St #4753,Central Buchan Ward,01672-538356,lyda.cronholm@cronholm.co.uk,http://www.printshop.co.uk,32769,51:59.0,12
Lisandra,5 Bentinck St,Everton Ward,01831-806301,lisandra_stueber@hotmail.com,http://www.wstuamradiostation.co.uk,47194,47:43.3,24
Sabina,954 Birchdale Rd,Everton Ward,01932-112259,sabina.prok@prok.co.uk,http://www.tjwardassociatesinc.co.uk,32681,24:46.8,24
Elenore,7 Great Orford St,Central Buchan Ward,01470-383444,elenore_gomoran@yahoo.com,http://www.bellservicesystemsinc.co.uk,32345,06:17.9,31
Brynn,488 Mulberry St,Castle Ward,01963-124789,brynn_capra@yahoo.com,http://www.magicvalleyirrigationsupply.co.uk,35718,22:36.6,28
Leeann,1761 Johnstone St,Westbury,01906-807997,leeann@gmail.com,http://www.fleetwoodareaschooldistrict.co.uk,38892,26:45.3,23
Janet,8899 Mere Lane,Westbury,01506-627051,janet_steimer@hotmail.com,http://www.alaskastatetroopers.co.uk,43597,40:27.4,13
Lewis,6 St Hilda St,Franche Ward,01954-643657,lewis@yahoo.com,http://www.lastingimpressions.co.uk,31893,52:49.2,30
Jestine,2725 Underley St #6452,Westbury,01257-928278,jestine_driscol@driscol.co.uk,http://www.glassexpress.co.uk,32616,57:07.5,13
Tatum,6061 Back Nile St,City and Hunslet Ward,01567-457572,tparks@parks.co.uk,http://www.quantumconsultantsinc.co.uk,49581,35:48.8,14
Kayleigh,9735 Linton St #2284,Everton Ward,01312-772111,kayleigh.bendle@bendle.co.uk,http://www.jaassociates.co.uk,37686,39:04.8,22
Lili,9 Herbert St,Everton Ward,01600-986258,lili_imondi@hotmail.com,http://www.idehaigneyradio.co.uk,32327,02:21.9,25
Sunshine,40 Cairo St,Central Ward,01416-686933,sunshine.senechal@hotmail.com,http://www.dalegeorgefesq.co.uk,31203,17:11.8,27
Remona,7199 St Clare Rd,Everton Ward,01718-274321,remona.heier@heier.co.uk,http://www.macinsuranceagency.co.uk,48003,41:58.2,19
Gail,6 Conyers St #3346,Castle Ward,01292-196869,gcarris@hotmail.com,http://www.audreymborlandstudios.co.uk,32643,25:52.2,31
Dong,8657 Cedar St #2,Franche Ward,01573-788734,doropeza@hotmail.com,http://www.mayotimothylesq.co.uk,36784,25:47.2,31
Larue,8 Jacob St,Franche Ward,01577-443040,larue@yahoo.com,http://www.hollettbyronpesq.co.uk,43503,45:25.8,23
Goldie,6174 Botanic Pl,Franche Ward,01867-720033,gsonkens@sonkens.co.uk,http://www.verinuproductscorp.co.uk,32750,22:49.5,30
Shelia,9730 Dunnet St,Franche Ward,01818-260618,shelia@gmail.com,http://www.schensanfordemd.co.uk,43708,20:26.3,26
Narcisa,8783 High St,Central Buchan Ward,01724-644767,naraiza@hotmail.com,http://www.dankabusinesssystems.co.uk,30761,14:22.3,27
Evelynn,8 Breckfield Road North,Castle Ward,01289-621482,evelynn.frede@gmail.com,http://www.hasselbergmichaelresq.co.uk,47299,33:24.0,26
Arlean,82 Waterhouse Lane,Central Ward,01448-395723,acalaf@yahoo.com,http://www.edminiatinc.co.uk,31661,44:54.5,29
Tamra,2 Park Rd Walton #4338,Westbury,01891-816938,tamra.yu@hotmail.com,http://www.daviscommercialcontracting.co.uk,44310,28:46.1,31
Dusti,59 Charles St,Central Ward,01642-202972,dusti@gmail.com,http://www.gartonjeffreypesq.co.uk,47590,28:43.0,29
Aracelis,593 Kinglake St,Central Buchan Ward,01924-111018,aracelis.donham@hotmail.com,http://www.smtothbaldridgevanbelkum.co.uk,43076,48:09.4,19
Filiberto,404 Aigburth St #4246,Everton Ward,01559-323337,filiberto_fredrikson@gmail.com,http://www.westoaksglass.co.uk,33078,58:53.0,12
Leana,690 Copenhagen Rd,Franche Ward,01248-325090,lstackpole@yahoo.com,http://www.directtoolsfasteners.co.uk,47021,03:14.2,12
Man,7 Canton St,Westbury,01590-219449,man.homer@gmail.com,http://www.appliedrobotictechinc.co.uk,45131,10:52.7,23
Lennie,79 Pine St,Franche Ward,01585-487560,lennie_asley@gmail.com,http://www.airtechstreamlining.co.uk,38271,04:51.2,28
Arletta,9 Lodwick St,Castle Ward,01255-805722,arletta_naomi@naomi.co.uk,http://www.ezaksco.co.uk,37026,02:29.7,19
Chana,9 Ogwen St,Franche Ward,01477-796750,chana.perera@hotmail.com,http://www.oldencameralenscoinc.co.uk,44937,06:02.5,22
Nell,1730 Seymour St,Westbury,01308-582144,npao@gmail.com,http://www.madausgeraldfjr.co.uk,49491,04:04.8,12
Antonio,35 Elton St #3,Franche Ward,01324-171614,antonio.heilig@gmail.com,http://www.radissonsuitehotel.co.uk,41650,42:03.2,30
Gerald,8 Hinton St #8241,Wombourne,01504-620944,gerald_kernagis@kernagis.co.uk,http://www.digitalsolutionsinc.co.uk,39506,27:33.7,16
Sueann,751 Stamford St,Central Buchan Ward,01886-226100,smandril@hotmail.com,http://www.elhispanicnews.co.uk,42127,56:46.0,26
Alayna,70 Royal St,Everton Ward,01964-720542,alayna_hoyal@hotmail.com,http://www.southbldgcodecongres.co.uk,33517,18:23.5,27
Talia,5 Minerva St,Central Ward,01711-170147,talia.marthe@gmail.com,http://www.kenneymfgco.co.uk,44947,12:05.7,18
Pansy,1 Northampton St,Castle Ward,01674-842315,pansy@kopan.co.uk,http://www.oncorinc.co.uk,43031,42:11.2,27
Royce,2 Maple Grove,Central Buchan Ward,01972-770618,royce@hotmail.com,http://www.bestwesterncaprockinn.co.uk,44750,24:04.0,18
Cherelle,794 Hook St,Franche Ward,01753-327307,cherelle_sorrel@gmail.com,http://www.wiltgennancyaesq.co.uk,30140,56:40.7,21
Dudley,91 Ludlow St,Central Buchan Ward,01997-409950,dudley_dibartolo@yahoo.com,http://www.mcknighthvincentjr.co.uk,48633,27:34.5,23
Nettie,51 Freehold St #224,Central Buchan Ward,01388-974910,nettie.aldaco@yahoo.com,http://www.millersearlfitch.co.uk,42057,10:44.8,20
Carline,7 Hey Green Rd #4,City and Hunslet Ward,01885-707109,carline@yahoo.com,http://www.brennerstevengesq.co.uk,37177,45:42.2,26
Shanda,2476 Marsh St,Central Buchan Ward,01329-303595,slunger@gmail.com,http://www.westernpackingco.co.uk,48002,38:07.1,17
Emilio,597 Threlfall St #72,Wombourne,01523-697097,emilio_withers@yahoo.com,http://www.ardentstudiosinc.co.uk,35464,39:46.4,23
Lovetta,1 Jervis St,Westbury,01593-438141,lovetta@study.co.uk,http://www.bortonpetriniconron.co.uk,42715,30:02.7,24
Felice,7602 Grantham St,Central Buchan Ward,01691-816025,felice.gone@hotmail.com,http://www.afsuplcodivautomtcfiring.co.uk,49751,01:04.9,15
Stefania,10 Carisbrooke St,Central Buchan Ward,01706-546951,stefania_leadbeater@hotmail.com,http://www.murraywhisnantarchitects.co.uk,40395,23:53.6,13
Margarita,78 Pine Grove,Central Buchan Ward,01215-422453,margarita_orloski@yahoo.com,http://www.shops.co.uk,48469,06:21.3,31
Paul,7 Varthen St,Wombourne,01407-775572,paul.farrin@farrin.co.uk,http://www.deringjameseesq.co.uk,35632,44:50.8,27
Anglea,8 Thomaston St,Wombourne,01818-292728,anglea_tritten@hotmail.com,http://www.waltonscarsongardens.co.uk,32975,46:49.2,25
Ona,527 Harding St,Central Buchan Ward,01467-554624,ona@yahoo.com,http://www.cohenandfrommpc.co.uk,40254,28:56.5,15
Germaine,1616 Menzies St #453,Everton Ward,01366-388506,ghascall@hotmail.com,http://www.prgcompany.co.uk,34186,00:32.0,12
Vicky,3922 Leda St,Westbury,01625-805645,vschellenberge@hotmail.com,http://www.medlabenvironmentaltestinc.co.uk,33399,22:28.5,12
Carolann,6352 Grosvenor St,Everton Ward,01470-609953,carolann@gross.co.uk,http://www.leemcompanyinc.co.uk,37361,15:45.7,13
Rusty,4313 Princes Park Terrace,Everton Ward,01467-172590,rusty.adelsperger@yahoo.com,http://www.clarkejameshesq.co.uk,37604,21:42.3,26
Cassandra,9 Sydney Place,Everton Ward,01903-614855,cbludworth@yahoo.com,http://www.lykesbrosinc.co.uk,33802,13:10.1,12
Teresita,2015 Suburban Rd,Wombourne,01914-501391,teresita_gesell@hotmail.com,http://www.masoninsuranceagencyinc.co.uk,49496,18:27.6,27
Evangelina,769 Euston St,Wombourne,01563-997671,evangelina.gius@yahoo.com,http://www.jtpaintingcorp.co.uk,36223,00:31.8,29
Marlon,46 Stevenson St,City and Hunslet Ward,01919-394681,mtromblay@yahoo.com,http://www.solomonmetalsinc.co.uk,48986,50:04.7,12
Quiana,1400 Ash St,Castle Ward,01446-936944,quiana_scarsella@hotmail.com,http://www.lookinggood.co.uk,39893,50:28.6,27
Viki,8822 Trafalgar St,Westbury,01721-747819,vhumeniuk@gmail.com,http://www.guldstrandengineeringinc.co.uk,30176,43:36.0,18
Domitila,28 Berwick St,City and Hunslet Ward,01606-833878,domitila@gmail.com,http://www.ciociajamesaesq.co.uk,36958,26:14.7,30
Ivan,94 Regent St,Westbury,01478-392232,ivan@gmail.com,http://www.centerforpediatrics.co.uk,39150,27:22.6,17
Anabel,30 Marine Parade #1,Everton Ward,01994-675650,anabel_baldock@hotmail.com,http://www.williamagepperttruevalue.co.uk,43203,20:56.1,14
Carlton,8 Pim Hill St,Westbury,01437-681317,carlton@blyler.co.uk,http://www.hardwarespecialtycoinc.co.uk,37900,10:30.0,26
Rashida,8451 Bengel St,Central Buchan Ward,01286-317691,rashida@hotmail.com,http://www.creativeconsultants.co.uk,35138,21:08.6,24
Sherron,159 Carlton St,Franche Ward,01481-744296,sherron@knodel.co.uk,http://www.fhkcorp.co.uk,30893,35:23.9,24
Cora,38 Raffles St,Central Buchan Ward,01285-381062,cora@yahoo.com,http://www.regisbrdproengrsland.co.uk,41167,31:41.6,17
Altha,650 Goring St,Franche Ward,01373-594236,altha@hotmail.com,http://www.malepowerltd.co.uk,41820,04:23.3,27
Dortha,6 Chestnut St,Westbury,01528-240870,dortha@hotmail.com,http://www.atcpowersystems.co.uk,40015,24:35.3,28
Diego,4 Peover St,Franche Ward,01275-397587,diego.augle@gmail.com,http://www.farmerselectriccoopinc.co.uk,31622,35:41.5,23
Peggy,328 Pallas St,Central Buchan Ward,01619-237602,peggy.khov@gmail.com,http://www.goldbergstephenmesq.co.uk,44074,42:30.3,25
Walton,9 Waltham Rd,Everton Ward,01872-808403,wyuki@gmail.com,http://www.bestwstrnhostmtrhtlpalm.co.uk,33739,46:38.8,15
Vallie,352 Strathmore Rd,Central Ward,01251-120872,vyafaie@hotmail.com,http://www.microlan.co.uk,46557,36:09.9,27
Tony,529 Llanrwst St,Franche Ward,01765-102036,tony@gmail.com,http://www.dillingharrisinc.co.uk,38377,58:37.3,21
Val,1980 Tynemouth St,Central Ward,01375-870188,val@yahoo.com,http://www.horizonairmagazine.co.uk,35674,22:43.3,13
Mel,8598 Rumney Rd,Shard End Ward,01885-270480,mel.picciuto@gmail.com,http://www.avantelimited.co.uk,31214,41:32.3,19
Isabella,9283 Ruth St #81,Westbury,01979-186995,isabella_piatkowski@piatkowski.co.uk,http://www.millerwilliameiii.co.uk,38691,59:36.6,14
Erasmo,5544 Sutherland St,Franche Ward,01507-386397,erasmo_rhea@hotmail.com,http://www.martinmorrissey.co.uk,34206,07:40.0,13
Ivory,9 Jackson St,Shard End Ward,01876-642683,ivory@hotmail.com,http://www.autobodycolor.co.uk,41184,06:50.2,16
Nikita,3612 Bixteth St,Everton Ward,01282-123434,nwalka@hotmail.com,http://www.fredanthonyesq.co.uk,41024,17:21.7,18
Aleta,4545 Victoria Rd,Central Buchan Ward,01952-535977,aleta_ligons@hotmail.com,http://www.advantagebookkeeping.co.uk,40089,57:15.5,12
Owen,5 Hampden St,Westbury,01467-142439,owen_jentzen@jentzen.co.uk,http://www.capitalfastenersinc.co.uk,41532,12:43.4,12
Pauline,6452 Pilgrim St #5,Franche Ward,01990-476494,pfling@fling.co.uk,http://www.cumberlandvacuumproducts.co.uk,44287,13:16.1,22
Tijuana,1149 Highfield Rd #996,Everton Ward,01242-532395,tijuana.machalek@gmail.com,http://www.schwartzthomaseesq.co.uk,37551,35:25.4,30
Ahmad,21 Pickwick St,City and Hunslet Ward,01567-555570,ahmad.alsaqri@yahoo.com,http://www.allianceconstructioncoinc.co.uk,33687,40:35.9,26
Jamika,19 Soho St,Everton Ward,01726-595316,jamika_conoly@conoly.co.uk,http://www.kellerraymondc.co.uk,49758,29:00.7,28
Derrick,236 Blantyre Rd,Everton Ward,01982-734773,derrick_dolloff@gmail.com,http://www.prototekmanufacturing.co.uk,42533,43:51.2,23
Jacquelyne,70 Lilly Rd,Everton Ward,01846-581451,jacquelyne_reibman@yahoo.com,http://www.greatclipsforhair.co.uk,45376,47:45.6,29
Zachary,58 Gloucester Rd,Franche Ward,01888-641397,zachary.freeburger@freeburger.co.uk,http://www.countrykitchen.co.uk,32592,25:56.0,19
Sophia,88 Upper Harrington St,Everton Ward,01504-539114,sophia.gaucher@hotmail.com,http://www.tcesystemsinc.co.uk,43482,05:46.8,24
Isabelle,4920 Fazakerley Rd,Franche Ward,01552-682601,isabelle.kono@yahoo.com,http://www.rockspringspetroleumequip.co.uk,41465,32:33.0,14
Ronnie,6 Morley St,Central Buchan Ward,01943-754681,ronnie@brigman.co.uk,http://www.howardjohnson.co.uk,40986,59:20.2,12
Krystina,7316 Friar St,Central Ward,01441-846477,kschlabaugh@schlabaugh.co.uk,http://www.harrisoldsmobileinc.co.uk,35909,59:10.3,21
Rosita,8 Heathfield St #657,Everton Ward,01273-236188,rausdemore@hotmail.com,http://www.jurdemscottesq.co.uk,34489,39:50.5,26
Huey,275 Peel Sq,Central Buchan Ward,01502-139578,hstancil@hotmail.com,http://www.lindnerfunds.co.uk,46292,03:02.0,20
Elbert,726 Westmoreland Place,Franche Ward,01724-467889,elbert@hotmail.com,http://www.donaldgnelsonesq.co.uk,46535,41:18.7,14
Pura,7 Water St,Westbury,01853-412588,pura.manciel@yahoo.com,http://www.ciainspection.co.uk,33403,15:06.5,23
Alesia,4 Covent Garden,City and Hunslet Ward,01333-436799,alesia_katie@gmail.com,http://www.nelsonstrmtpestcntrlco.co.uk,35252,36:48.1,20
Avery,9166 Devon St #905,Central Buchan Ward,01748-625058,avery@veit.co.uk,http://www.plazagourmetdelicatessen.co.uk,42239,40:58.4,26
Reid,70 Foster St,Central Buchan Ward,01916-963261,reuresti@euresti.co.uk,http://www.fitzgeraldedwardj.co.uk,42640,23:56.2,22
Charlette,714 Fonthill Rd,Central Buchan Ward,01888-152110,cbrenning@brenning.co.uk,http://www.fureyassociates.co.uk,44982,03:29.3,23
Celestina,9 Milton St,Westbury,01877-379681,celestina_keeny@gmail.com,http://www.bfgfederalcreditunion.co.uk,32827,48:38.2,27
Mi,6 Norwood Grove,Everton Ward,01451-785624,mi@hotmail.com,http://www.nelsonwrighthaworthgolfcrs.co.uk,41266,38:06.7,21
